"","Tumor_Sample_Barcode","total","total_perMB","total_perMB_log"
"1","TCGA-FP-8209-01A-11D-2340-08",0,0,-Inf
"2","TCGA-RD-A8N0-01A-12D-A364-08",2,0.04,-1.39794000867204
"3","TCGA-RD-A8N2-01A-12D-A364-08",2,0.04,-1.39794000867204
"4","TCGA-HU-A4GJ-01A-11D-A25D-08",3,0.06,-1.22184874961636
"5","TCGA-RD-A8N4-01A-21D-A364-08",4,0.08,-1.09691001300806
"6","TCGA-FP-8210-01A-11D-2340-08",5,0.1,-1
"7","TCGA-VQ-A8PQ-01A-11D-A410-08",11,0.22,-0.657577319177794
"8","TCGA-BR-A44T-01A-32D-A24D-08",14,0.28,-0.552841968657781
"9","TCGA-BR-8364-01A-11D-2340-08",17,0.34,-0.468521082957745
"10","TCGA-BR-A4IZ-01A-32D-A25D-08",18,0.36,-0.443697499232713
"11","TCGA-BR-8371-01A-11D-2340-08",19,0.38,-0.42021640338319
"12","TCGA-HU-A4HB-01A-12D-A25D-08",19,0.38,-0.42021640338319
"13","TCGA-CG-5716-01A-21D-1800-08",20,0.4,-0.397940008672038
"14","TCGA-BR-8365-01A-21D-2340-08",21,0.42,-0.3767507096021
"15","TCGA-D7-A6ET-01A-32D-A32N-08",21,0.42,-0.3767507096021
"16","TCGA-BR-6803-01A-11D-1882-08",22,0.44,-0.356547323513813
"17","TCGA-BR-A4IU-01A-22D-A25D-08",24,0.48,-0.318758762624413
"18","TCGA-BR-8291-01A-11D-2340-08",26,0.52,-0.283996656365201
"19","TCGA-BR-A4IV-01A-31D-A25D-08",27,0.54,-0.267606240177031
"20","TCGA-BR-4294-01A-01D-1126-08",28,0.56,-0.2518119729938
"21","TCGA-BR-A4J6-01A-11D-A25D-08",28,0.56,-0.2518119729938
"22","TCGA-BR-4187-01A-01D-1126-08",30,0.6,-0.221848749616356
"23","TCGA-BR-8592-01A-11D-2394-08",31,0.62,-0.207608310501746
"24","TCGA-CD-8532-01A-11D-2340-08",32,0.64,-0.193820026016113
"25","TCGA-D7-A74B-01A-12D-A33T-08",32,0.64,-0.193820026016113
"26","TCGA-RD-A8N5-01A-12D-A364-08",32,0.64,-0.193820026016113
"27","TCGA-D7-8574-01A-13D-2340-08",33,0.66,-0.180456064458131
"28","TCGA-CG-4455-01A-01D-1158-08",34,0.68,-0.167491087293764
"29","TCGA-VQ-A8PS-01A-11D-A410-08",34,0.68,-0.167491087293764
"30","TCGA-CD-5799-01A-11D-1600-08",35,0.7,-0.154901959985743
"31","TCGA-CD-5803-01A-11D-1600-08",35,0.7,-0.154901959985743
"32","TCGA-D7-A748-01A-12D-A32N-08",37,0.74,-0.130768280269024
"33","TCGA-BR-4279-01A-01D-1126-08",38,0.76,-0.119186407719209
"34","TCGA-BR-6801-01A-11D-1882-08",38,0.76,-0.119186407719209
"35","TCGA-VQ-A91W-01A-11D-A410-08",38,0.76,-0.119186407719209
"36","TCGA-VQ-A91Y-01A-11D-A410-08",38,0.76,-0.119186407719209
"37","TCGA-BR-A4J9-01A-12D-A25D-08",39,0.78,-0.10790539730952
"38","TCGA-BR-7722-01A-31D-2201-08",40,0.8,-0.0969100130080564
"39","TCGA-MX-A5UG-01A-21D-A31L-08",40,0.8,-0.0969100130080564
"40","TCGA-BR-8295-01A-11D-2340-08",41,0.82,-0.0861861476162833
"41","TCGA-HU-A4G2-01A-11D-A25D-08",41,0.82,-0.0861861476162833
"42","TCGA-RD-A7BS-01A-11D-A32N-08",41,0.82,-0.0861861476162833
"43","TCGA-BR-8384-01A-21D-2394-08",44,0.88,-0.0555173278498314
"44","TCGA-F1-A72C-01A-21D-A33T-08",44,0.88,-0.0555173278498314
"45","TCGA-ZA-A8F6-01A-23D-A364-08",44,0.88,-0.0555173278498314
"46","TCGA-D7-6522-01A-11D-1800-08",45,0.9,-0.0457574905606751
"47","TCGA-D7-8576-01A-11D-2340-08",45,0.9,-0.0457574905606751
"48","TCGA-B7-A5TK-01A-12D-A31L-08",46,0.92,-0.0362121726544447
"49","TCGA-BR-8058-01A-31D-2340-08",46,0.92,-0.0362121726544447
"50","TCGA-BR-A4J2-01A-21D-A25D-08",46,0.92,-0.0362121726544447
"51","TCGA-CD-5802-01A-11D-1600-08",46,0.92,-0.0362121726544447
"52","TCGA-BR-A4J7-01A-31D-A25D-08",48,0.96,-0.0177287669604316
"53","TCGA-CG-4475-01A-01D-1158-08",48,0.96,-0.0177287669604316
"54","TCGA-D7-6519-01A-11D-1800-08",48,0.96,-0.0177287669604316
"55","TCGA-IN-AB1V-01A-21D-A410-08",48,0.96,-0.0177287669604316
"56","TCGA-VQ-A8PM-01A-21D-A410-08",48,0.96,-0.0177287669604316
"57","TCGA-CD-8526-01A-11D-2340-08",49,0.98,-0.00877392430750515
"58","TCGA-CG-4301-01A-01D-1158-08",49,0.98,-0.00877392430750515
"59","TCGA-D7-8575-01A-11D-2340-08",49,0.98,-0.00877392430750515
"60","TCGA-VQ-A927-01A-12D-A410-08",49,0.98,-0.00877392430750515
"61","TCGA-BR-A4CR-01A-11D-A24D-08",50,1,0
"62","TCGA-KB-A6F5-01A-12D-A33T-08",50,1,0
"63","TCGA-VQ-AA6F-01A-31D-A410-08",50,1,0
"64","TCGA-CG-5732-01A-11D-1600-08",51,1.02,0.00860017176191757
"65","TCGA-D7-8578-01A-21D-2340-08",51,1.02,0.00860017176191757
"66","TCGA-VQ-A928-01A-11D-A410-08",51,1.02,0.00860017176191757
"67","TCGA-BR-4255-01A-01D-1126-08",52,1.04,0.0170333392987804
"68","TCGA-BR-8486-01A-31D-2394-08",53,1.06,0.0253058652647703
"69","TCGA-D7-6520-01A-11D-1800-08",53,1.06,0.0253058652647703
"70","TCGA-VQ-A94O-01A-11D-A410-08",53,1.06,0.0253058652647703
"71","TCGA-BR-A4J1-01A-11D-A25D-08",54,1.08,0.0334237554869497
"72","TCGA-BR-4183-01A-02D-1126-08",55,1.1,0.0413926851582251
"73","TCGA-BR-8367-01A-11D-2340-08",55,1.1,0.0413926851582251
"74","TCGA-VQ-AA69-01A-11D-A410-08",56,1.12,0.0492180226701817
"75","TCGA-BR-8484-01A-11D-2394-08",57,1.14,0.0569048513364726
"76","TCGA-BR-8682-01A-11D-2394-08",57,1.14,0.0569048513364726
"77","TCGA-BR-A453-01A-11D-A24D-08",57,1.14,0.0569048513364726
"78","TCGA-CD-8534-01A-11D-2340-08",57,1.14,0.0569048513364726
"79","TCGA-RD-A7BW-01A-11D-A32N-08",57,1.14,0.0569048513364726
"80","TCGA-BR-8677-01A-11D-2394-08",58,1.16,0.0644579892269184
"81","TCGA-CG-4304-01A-01D-1158-08",58,1.16,0.0644579892269184
"82","TCGA-CG-4462-01A-01D-1158-08",58,1.16,0.0644579892269184
"83","TCGA-R5-A7ZF-01A-11D-A34U-08",59,1.18,0.0718820073061254
"84","TCGA-R5-A7ZR-01A-11D-A34U-08",59,1.18,0.0718820073061254
"85","TCGA-BR-6564-01A-12D-1882-08",60,1.2,0.0791812460476248
"86","TCGA-FP-7998-01A-11D-2201-08",60,1.2,0.0791812460476248
"87","TCGA-HU-8245-01A-11D-2340-08",60,1.2,0.0791812460476248
"88","TCGA-VQ-A8DV-01A-12D-A364-08",61,1.22,0.0863598306747482
"89","TCGA-BR-6707-01A-11D-1882-08",62,1.24,0.0934216851622351
"90","TCGA-BR-7196-01A-11D-2053-08",63,1.26,0.100370545117563
"91","TCGA-BR-8296-01A-11D-2340-08",63,1.26,0.100370545117563
"92","TCGA-CG-5719-01A-11D-1600-08",63,1.26,0.100370545117563
"93","TCGA-VQ-A94T-01A-11D-A410-08",63,1.26,0.100370545117563
"94","TCGA-CD-A489-01A-11D-A24D-08",64,1.28,0.107209969647868
"95","TCGA-D7-A6F2-01A-12D-A31L-08",65,1.3,0.113943352306837
"96","TCGA-BR-6563-01A-13D-2053-08",66,1.32,0.12057393120585
"97","TCGA-CD-A4MH-01A-11D-A25D-08",66,1.32,0.12057393120585
"98","TCGA-R5-A804-01A-11D-A364-08",67,1.34,0.127104798364808
"99","TCGA-HF-7133-01A-11D-2053-08",68,1.36,0.133538908370218
"100","TCGA-RD-A8MW-01A-11D-A364-08",68,1.36,0.133538908370218
"101","TCGA-B7-A5TN-01A-21D-A31L-08",69,1.38,0.139879086401236
"102","TCGA-CD-5804-01A-12D-2053-08",69,1.38,0.139879086401236
"103","TCGA-CG-5720-01A-11D-1600-08",69,1.38,0.139879086401236
"104","TCGA-BR-A4J8-01A-11D-A25D-08",71,1.42,0.152288344383056
"105","TCGA-D7-6521-01A-11D-1800-08",71,1.42,0.152288344383056
"106","TCGA-D7-6817-01A-11D-1882-08",71,1.42,0.152288344383056
"107","TCGA-HU-A4G6-01A-11D-A24D-08",71,1.42,0.152288344383056
"108","TCGA-BR-6455-01A-11D-1800-08",72,1.44,0.15836249209525
"109","TCGA-CD-8530-01A-11D-2340-08",72,1.44,0.15836249209525
"110","TCGA-D7-8573-01A-11D-2340-08",72,1.44,0.15836249209525
"111","TCGA-D7-A4YX-01A-11D-A25D-08",72,1.44,0.15836249209525
"112","TCGA-VQ-A8PZ-01A-11D-A410-08",72,1.44,0.15836249209525
"113","TCGA-BR-8373-01A-11D-2340-08",73,1.46,0.164352855784437
"114","TCGA-BR-8380-01A-11D-2340-08",73,1.46,0.164352855784437
"115","TCGA-CD-8525-01A-11D-2340-08",73,1.46,0.164352855784437
"116","TCGA-VQ-A94P-01A-13D-A410-08",73,1.46,0.164352855784437
"117","TCGA-VQ-A8DZ-01A-11D-A364-08",74,1.48,0.170261715394957
"118","TCGA-CG-5722-01A-21D-1600-08",75,1.5,0.176091259055681
"119","TCGA-CG-5734-01A-11D-1600-08",75,1.5,0.176091259055681
"120","TCGA-HU-A4GD-01A-11D-A25D-08",75,1.5,0.176091259055681
"121","TCGA-RD-A8MV-01A-11D-A364-08",75,1.5,0.176091259055681
"122","TCGA-VQ-AA6K-01A-11D-A410-08",75,1.5,0.176091259055681
"123","TCGA-D7-6518-01A-11D-1800-08",76,1.52,0.181843587944773
"124","TCGA-VQ-A8PD-01A-11D-A410-08",76,1.52,0.181843587944773
"125","TCGA-BR-4267-01A-01D-1126-08",77,1.54,0.187520720836463
"126","TCGA-BR-8676-01A-11D-2394-08",77,1.54,0.187520720836463
"127","TCGA-CG-5718-01A-11D-1600-08",77,1.54,0.187520720836463
"128","TCGA-D7-6820-01A-11D-1882-08",77,1.54,0.187520720836463
"129","TCGA-VQ-A8PY-01A-11D-A410-08",77,1.54,0.187520720836463
"130","TCGA-BR-A44U-01A-11D-A24D-08",78,1.56,0.193124598354462
"131","TCGA-BR-A4J4-01A-12D-A25D-08",78,1.56,0.193124598354462
"132","TCGA-BR-A4QM-01A-12D-A25D-08",79,1.58,0.198657086954423
"133","TCGA-HF-7136-01A-11D-2053-08",79,1.58,0.198657086954423
"134","TCGA-IN-A7NR-01A-11D-A34U-08",79,1.58,0.198657086954423
"135","TCGA-HF-7131-01A-11D-2053-08",80,1.6,0.204119982655925
"136","TCGA-VQ-AA6B-01A-11D-A410-08",80,1.6,0.204119982655925
"137","TCGA-CG-4443-01A-01D-1158-08",81,1.62,0.209515014542631
"138","TCGA-CG-4474-01A-02D-1158-08",81,1.62,0.209515014542631
"139","TCGA-BR-6705-01A-12D-1882-08",82,1.64,0.214843848047698
"140","TCGA-BR-A4J5-01A-21D-A25D-08",82,1.64,0.214843848047698
"141","TCGA-CD-5798-01A-11D-1600-08",82,1.64,0.214843848047698
"142","TCGA-FP-8631-01A-11D-2394-08",82,1.64,0.214843848047698
"143","TCGA-IN-A7NU-01A-22D-A34U-08",82,1.64,0.214843848047698
"144","TCGA-BR-6709-01A-11D-1882-08",83,1.66,0.220108088040055
"145","TCGA-MX-A663-01A-11D-A31L-08",83,1.66,0.220108088040055
"146","TCGA-F1-6875-01A-11D-2053-08",84,1.68,0.225309281725863
"147","TCGA-IN-A6RS-01A-12D-A34U-08",84,1.68,0.225309281725863
"148","TCGA-VQ-A923-01A-11D-A410-08",84,1.68,0.225309281725863
"149","TCGA-CD-A486-01A-11D-A24D-08",85,1.7,0.230448921378274
"150","TCGA-FP-A8CX-01A-11D-A364-08",85,1.7,0.230448921378274
"151","TCGA-KB-A93G-01A-11D-A397-08",85,1.7,0.230448921378274
"152","TCGA-VQ-AA6A-01A-11D-A410-08",85,1.7,0.230448921378274
"153","TCGA-CG-4449-01A-01D-1158-08",86,1.72,0.235528446907549
"154","TCGA-VQ-A8PK-01A-12D-A410-08",86,1.72,0.235528446907549
"155","TCGA-VQ-AA6I-01A-11D-A410-08",86,1.72,0.235528446907549
"156","TCGA-BR-8285-01A-11D-2340-08",87,1.74,0.2405492482826
"157","TCGA-D7-6524-01A-11D-1800-08",87,1.74,0.2405492482826
"158","TCGA-FP-7916-01A-11D-2201-08",87,1.74,0.2405492482826
"159","TCGA-IN-A6RI-01A-11D-A32N-08",88,1.76,0.24551266781415
"160","TCGA-VQ-A8E7-01B-11D-A410-08",88,1.76,0.24551266781415
"161","TCGA-BR-7959-01A-11D-2340-08",90,1.8,0.255272505103306
"162","TCGA-VQ-A8E0-01A-11D-A410-08",90,1.8,0.255272505103306
"163","TCGA-BR-A452-01A-91D-A25D-08",91,1.82,0.260071387985075
"164","TCGA-CD-8528-01A-11D-2340-08",91,1.82,0.260071387985075
"165","TCGA-FP-8211-01A-11D-2340-08",91,1.82,0.260071387985075
"166","TCGA-BR-8370-01A-11D-2340-08",92,1.84,0.264817823009536
"167","TCGA-BR-4253-01A-01D-1126-08",93,1.86,0.269512944217916
"168","TCGA-CG-4441-01A-01D-1800-08",93,1.86,0.269512944217916
"169","TCGA-FP-A4BF-01A-12D-A24D-08",93,1.86,0.269512944217916
"170","TCGA-KB-A6F7-01A-12D-A32N-08",93,1.86,0.269512944217916
"171","TCGA-VQ-A8P8-01A-11D-A397-08",93,1.86,0.269512944217916
"172","TCGA-BR-7957-01A-11D-2201-08",94,1.88,0.27415784926368
"173","TCGA-CG-5724-01A-11D-1600-08",94,1.88,0.27415784926368
"174","TCGA-IN-A6RN-01A-12D-A33T-08",94,1.88,0.27415784926368
"175","TCGA-VQ-A91Q-01A-12D-A410-08",95,1.9,0.278753600952829
"176","TCGA-BR-8686-01A-11D-2394-08",97,1.94,0.287801729930226
"177","TCGA-D7-A747-01A-22D-A33T-08",97,1.94,0.287801729930226
"178","TCGA-HU-A4H6-01A-11D-A25D-08",97,1.94,0.287801729930226
"179","TCGA-IN-A7NT-01A-21D-A34U-08",97,1.94,0.287801729930226
"180","TCGA-RD-A8N1-01A-12D-A364-08",97,1.94,0.287801729930226
"181","TCGA-CG-5725-01A-11D-1600-08",98,1.96,0.292256071356476
"182","TCGA-D7-8579-01A-11D-2340-08",98,1.96,0.292256071356476
"183","TCGA-VQ-A91N-01A-11D-A410-08",98,1.96,0.292256071356476
"184","TCGA-ZQ-A9CR-01A-11D-A397-08",99,1.98,0.296665190261531
"185","TCGA-BR-8381-01A-11D-2394-08",100,2,0.301029995663981
"186","TCGA-CD-8533-01A-11D-2340-08",100,2,0.301029995663981
"187","TCGA-FP-7735-01A-11D-2053-08",100,2,0.301029995663981
"188","TCGA-BR-8588-01A-11D-2394-08",101,2.02,0.305351369446624
"189","TCGA-BR-A4PF-01A-11D-A25D-08",101,2.02,0.305351369446624
"190","TCGA-RD-A8N9-01A-12D-A397-08",101,2.02,0.305351369446624
"191","TCGA-BR-4188-01A-01D-1126-08",102,2.04,0.309630167425899
"192","TCGA-BR-8678-01A-11D-2394-08",103,2.06,0.313867220369153
"193","TCGA-D7-8570-01A-11D-2340-08",103,2.06,0.313867220369153
"194","TCGA-IN-8462-01A-11D-2340-08",103,2.06,0.313867220369153
"195","TCGA-BR-A4QI-01A-12D-A25D-08",104,2.08,0.318063334962762
"196","TCGA-HU-8610-01A-22D-2394-08",104,2.08,0.318063334962762
"197","TCGA-R5-A7O7-01A-11D-A33T-08",104,2.08,0.318063334962762
"198","TCGA-VQ-A8PU-01A-12D-A410-08",104,2.08,0.318063334962762
"199","TCGA-MX-A666-01A-11D-A31L-08",105,2.1,0.322219294733919
"200","TCGA-VQ-A8PF-01A-11D-A410-08",105,2.1,0.322219294733919
"201","TCGA-3M-AB47-01A-22D-A410-08",106,2.12,0.326335860928751
"202","TCGA-D7-A6F0-01A-11D-A31L-08",106,2.12,0.326335860928751
"203","TCGA-HU-8244-01A-11D-2340-08",106,2.12,0.326335860928751
"204","TCGA-BR-8077-01A-11D-2340-08",107,2.14,0.330413773349191
"205","TCGA-BR-8286-01A-12D-2340-08",107,2.14,0.330413773349191
"206","TCGA-BR-8483-01A-31D-2394-08",108,2.16,0.334453751150931
"207","TCGA-VQ-A925-01A-11D-A410-08",109,2.18,0.338456493604605
"208","TCGA-VQ-A92D-01A-11D-A410-08",109,2.18,0.338456493604605
"209","TCGA-D7-A6EX-01A-11D-A31L-08",111,2.22,0.346352974450639
"210","TCGA-IN-A6RJ-01A-21D-A33T-08",111,2.22,0.346352974450639
"211","TCGA-HU-A4GY-01A-21D-A24D-08",112,2.24,0.350248018334163
"212","TCGA-VQ-A8E2-01A-11D-A364-08",112,2.24,0.350248018334163
"213","TCGA-HU-8243-01A-11D-2340-08",113,2.26,0.354108439147401
"214","TCGA-CG-4300-01A-01D-1158-08",114,2.28,0.357934847000454
"215","TCGA-D7-5577-01A-01D-1600-08",114,2.28,0.357934847000454
"216","TCGA-BR-8590-01A-11D-2394-08",115,2.3,0.361727836017593
"217","TCGA-CG-4476-01A-01D-1158-08",115,2.3,0.361727836017593
"218","TCGA-CG-5717-01A-11D-1600-08",115,2.3,0.361727836017593
"219","TCGA-FP-8099-01A-11D-2340-08",115,2.3,0.361727836017593
"220","TCGA-VQ-A8PE-01A-11D-A410-08",115,2.3,0.361727836017593
"221","TCGA-CG-4440-01A-01D-1158-08",117,2.34,0.369215857410143
"222","TCGA-R5-A805-01A-11D-A364-08",117,2.34,0.369215857410143
"223","TCGA-D7-6815-01A-11D-1882-08",118,2.36,0.372912002970107
"224","TCGA-VQ-AA6G-01A-11D-A410-08",118,2.36,0.372912002970107
"225","TCGA-VQ-A91A-01A-11D-A410-08",119,2.38,0.376576957056512
"226","TCGA-BR-4366-01A-01D-1158-08",120,2.4,0.380211241711606
"227","TCGA-VQ-A8PC-01A-11D-A397-08",120,2.4,0.380211241711606
"228","TCGA-VQ-A91Z-01A-11D-A410-08",122,2.44,0.387389826338729
"229","TCGA-BR-6454-01A-11D-1800-08",124,2.48,0.394451680826216
"230","TCGA-HU-8249-01A-11D-2340-08",124,2.48,0.394451680826216
"231","TCGA-CG-4438-01A-01D-1158-08",125,2.5,0.397940008672038
"232","TCGA-D7-A74A-01A-11D-A32N-08",125,2.5,0.397940008672038
"233","TCGA-VQ-AA6J-01A-11D-A410-08",126,2.52,0.401400540781544
"234","TCGA-CG-5730-01A-11D-1600-08",127,2.54,0.404833716619938
"235","TCGA-BR-6565-01A-11D-1800-08",128,2.56,0.40823996531185
"236","TCGA-VQ-A91U-01A-11D-A410-08",128,2.56,0.40823996531185
"237","TCGA-BR-8683-01A-11D-2394-08",129,2.58,0.41161970596323
"238","TCGA-CG-4477-01A-01D-1158-08",129,2.58,0.41161970596323
"239","TCGA-SW-A7EB-01A-11D-A34U-08",129,2.58,0.41161970596323
"240","TCGA-HU-A4GF-01A-11D-A24D-08",130,2.6,0.414973347970818
"241","TCGA-IN-A6RR-01A-12D-A32N-08",130,2.6,0.414973347970818
"242","TCGA-VQ-A8PJ-01A-11D-A410-08",130,2.6,0.414973347970818
"243","TCGA-VQ-A94U-01A-12D-A410-08",134,2.68,0.428134794028789
"244","TCGA-BR-8690-01A-11D-2394-08",135,2.7,0.431363764158987
"245","TCGA-CG-5727-01A-11D-1600-08",135,2.7,0.431363764158987
"246","TCGA-D7-5579-01A-01D-1600-08",135,2.7,0.431363764158987
"247","TCGA-KB-A93J-01A-11D-A397-08",135,2.7,0.431363764158987
"248","TCGA-BR-4371-01A-01D-1158-08",136,2.72,0.434568904034199
"249","TCGA-BR-A4PD-01A-11D-A25D-08",136,2.72,0.434568904034199
"250","TCGA-IN-7806-01A-11D-2053-08",136,2.72,0.434568904034199
"251","TCGA-VQ-A8DU-01A-11D-A364-08",136,2.72,0.434568904034199
"252","TCGA-BR-8679-01A-11D-2394-08",137,2.74,0.437750562820388
"253","TCGA-BR-A4CS-01A-11D-A24D-08",139,2.78,0.444044795918076
"254","TCGA-BR-A4IY-01A-11D-A25D-08",139,2.78,0.444044795918076
"255","TCGA-D7-6525-01A-11D-1800-08",140,2.8,0.447158031342219
"256","TCGA-RD-A8N6-01A-11D-A364-08",140,2.8,0.447158031342219
"257","TCGA-CD-8524-01A-11D-2340-08",141,2.82,0.450249108319361
"258","TCGA-BR-7723-01A-11D-2053-08",142,2.84,0.453318340047038
"259","TCGA-BR-7958-01A-21D-2340-08",144,2.88,0.459392487759231
"260","TCGA-D7-A6EV-01A-11D-A31L-08",144,2.88,0.459392487759231
"261","TCGA-VQ-A922-01A-11D-A410-08",144,2.88,0.459392487759231
"262","TCGA-VQ-A8DL-01A-11D-A364-08",145,2.9,0.462397997898956
"263","TCGA-D7-6818-01A-11D-1882-08",146,2.92,0.465382851448418
"264","TCGA-CD-5800-01A-11D-1600-08",147,2.94,0.468347330412157
"265","TCGA-HU-8238-01A-11D-2340-08",147,2.94,0.468347330412157
"266","TCGA-FP-A9TM-01A-11D-A397-08",148,2.96,0.471291711058939
"267","TCGA-CG-4444-01A-01D-1158-08",150,3,0.477121254719662
"268","TCGA-EQ-5647-01A-01D-1600-08",150,3,0.477121254719662
"269","TCGA-IN-A6RP-01A-21D-A33T-08",150,3,0.477121254719662
"270","TCGA-R5-A7ZE-01B-11D-A34U-08",150,3,0.477121254719662
"271","TCGA-HU-A4H2-01A-11D-A25D-08",151,3.02,0.480006942957151
"272","TCGA-VQ-AA68-01A-11D-A410-08",151,3.02,0.480006942957151
"273","TCGA-BR-4369-01A-01D-1158-08",153,3.06,0.48572142648158
"274","TCGA-BR-6456-01A-11D-1800-08",153,3.06,0.48572142648158
"275","TCGA-BR-8366-01A-11D-2340-08",153,3.06,0.48572142648158
"276","TCGA-CD-5813-01A-11D-1600-08",155,3.1,0.491361693834273
"277","TCGA-CG-4436-01A-01D-1158-08",155,3.1,0.491361693834273
"278","TCGA-D7-8572-01A-11D-2340-08",155,3.1,0.491361693834273
"279","TCGA-BR-8687-01A-11D-2394-08",156,3.12,0.494154594018443
"280","TCGA-BR-A4CQ-01A-12D-A25D-08",156,3.12,0.494154594018443
"281","TCGA-BR-7901-01A-11D-2201-08",157,3.14,0.496929648073215
"282","TCGA-HU-A4HD-01A-11D-A25D-08",157,3.14,0.496929648073215
"283","TCGA-BR-6453-01A-11D-1800-08",158,3.16,0.499687082618404
"284","TCGA-CD-A487-01A-21D-A24D-08",159,3.18,0.502427119984433
"285","TCGA-HU-A4H0-01A-11D-A25D-08",159,3.18,0.502427119984433
"286","TCGA-BR-8080-01A-11D-2340-08",162,3.24,0.510545010206612
"287","TCGA-EQ-8122-01A-11D-2340-08",162,3.24,0.510545010206612
"288","TCGA-HU-8608-01A-11D-2394-08",163,3.26,0.513217600067939
"289","TCGA-3M-AB46-01A-11D-A410-08",167,3.34,0.523746466811564
"290","TCGA-CG-4466-01A-01D-1158-08",175,3.5,0.544068044350276
"291","TCGA-VQ-A8DT-01A-11D-A364-08",178,3.56,0.551449997972875
"292","TCGA-VQ-A8PH-01A-12D-A410-08",180,3.6,0.556302500767287
"293","TCGA-BR-8060-01A-11D-2340-08",181,3.62,0.558708570533166
"294","TCGA-D7-6526-01A-11D-1800-08",185,3.7,0.568201724066995
"295","TCGA-BR-A4PE-01A-31D-A25D-08",186,3.72,0.570542939881898
"296","TCGA-KB-A93H-01A-11D-A397-08",187,3.74,0.57287160220048
"297","TCGA-BR-8369-01A-11D-2340-08",189,3.78,0.577491799837225
"298","TCGA-CD-A48C-01A-11D-A24D-08",189,3.78,0.577491799837225
"299","TCGA-HU-A4G3-01A-11D-A24D-08",190,3.8,0.57978359661681
"300","TCGA-BR-8289-01A-11D-2340-08",191,3.82,0.582063362911709
"301","TCGA-VQ-A91X-01A-12D-A410-08",191,3.82,0.582063362911709
"302","TCGA-D7-5578-01A-01D-1600-08",192,3.84,0.584331224367531
"303","TCGA-BR-4191-01A-02D-1126-08",193,3.86,0.586587304671755
"304","TCGA-IP-7968-01A-11D-2201-08",194,3.88,0.588831725594207
"305","TCGA-VQ-A8P5-01A-11D-A397-08",194,3.88,0.588831725594207
"306","TCGA-D7-6527-01A-11D-1800-08",196,3.92,0.593286067020457
"307","TCGA-IN-7808-01A-11D-2201-08",199,3.98,0.599883072073688
"308","TCGA-BR-8297-01A-12D-2340-08",201,4.02,0.60422605308447
"309","TCGA-IN-AB1X-01A-11D-A397-08",203,4.06,0.608526033577194
"310","TCGA-CD-A48A-01A-12D-A24D-08",207,4.14,0.617000341120899
"311","TCGA-RD-A7BT-01A-11D-A33T-08",207,4.14,0.617000341120899
"312","TCGA-CD-8527-01A-11D-2340-08",208,4.16,0.619093330626743
"313","TCGA-VQ-A91V-01A-11D-A410-08",211,4.22,0.625312450961674
"314","TCGA-BR-6457-01A-21D-1800-08",214,4.28,0.631443769013172
"315","TCGA-D7-A4YU-01A-21D-A25D-08",219,4.38,0.6414741105041
"316","TCGA-BR-4357-01A-01D-1158-08",222,4.44,0.64738297011462
"317","TCGA-B7-A5TJ-01A-11D-A31L-08",227,4.54,0.657055852857104
"318","TCGA-VQ-AA64-01A-11D-A410-08",228,4.56,0.658964842664435
"319","TCGA-CD-8531-01A-11D-2340-08",229,4.58,0.660865478003869
"320","TCGA-VQ-A91S-01A-11D-A410-08",230,4.6,0.662757831681574
"321","TCGA-D7-6822-01A-11D-1882-08",231,4.62,0.664641975556125
"322","TCGA-HU-A4GC-01A-12D-A25D-08",232,4.64,0.666517980554881
"323","TCGA-CD-8535-01A-11D-2340-08",234,4.68,0.670245853074124
"324","TCGA-BR-7717-01A-11D-2053-08",237,4.74,0.675778341674085
"325","TCGA-BR-7715-01A-11D-2053-08",238,4.76,0.677606952720493
"326","TCGA-D7-A4YT-01A-11D-A25D-08",245,4.9,0.690196080028514
"327","TCGA-D7-A6EZ-01A-11D-A31L-08",247,4.94,0.693726948923647
"328","TCGA-HU-A4H5-01A-21D-A25D-08",247,4.94,0.693726948923647
"329","TCGA-RD-A7C1-01A-11D-A32N-08",252,5.04,0.702430536445525
"330","TCGA-HF-7134-01A-11D-2053-08",255,5.1,0.707570176097936
"331","TCGA-VQ-A94R-01A-11D-A410-08",257,5.14,0.710963118995276
"332","TCGA-VQ-A8P3-01A-11D-A364-08",261,5.22,0.717670503002262
"333","TCGA-IN-A6RO-01A-12D-A33T-08",265,5.3,0.724275869600789
"334","TCGA-BR-8485-01A-11D-2394-08",274,5.48,0.738780558484369
"335","TCGA-D7-A4Z0-01A-22D-A25D-08",275,5.5,0.740362689494244
"336","TCGA-IN-8663-01A-11D-2394-08",278,5.56,0.745074791582057
"337","TCGA-CG-4469-01A-01D-1158-08",279,5.58,0.746634198937579
"338","TCGA-BR-7716-01A-21D-2053-08",285,5.7,0.755874855672491
"339","TCGA-BR-8284-01A-11D-2340-08",291,5.82,0.764922984649889
"340","TCGA-D7-6528-01A-11D-1800-08",302,6.04,0.781036938621132
"341","TCGA-BR-7197-01A-11D-2201-08",305,6.1,0.785329835010767
"342","TCGA-EQ-A4SO-01A-11D-A25D-08",320,6.4,0.806179973983887
"343","TCGA-B7-5818-01A-11D-1600-08",335,6.7,0.826074802700826
"344","TCGA-HU-A4GP-01A-11D-A25D-08",340,6.8,0.832508912706236
"345","TCGA-CD-8529-01A-11D-2340-08",362,7.24,0.859738566197147
"346","TCGA-HU-8604-01A-11D-2394-08",365,7.3,0.863322860120456
"347","TCGA-BR-6706-01A-11D-1882-08",378,7.56,0.878521795501206
"348","TCGA-CD-5801-01A-11D-1600-08",381,7.62,0.881954971339601
"349","TCGA-IN-A6RL-01A-11D-A32N-08",395,7.9,0.897627091290441
"350","TCGA-D7-A4YY-01A-11D-A25D-08",412,8.24,0.915927211697116
"351","TCGA-FP-7829-01A-11D-2053-08",425,8.5,0.929418925714293
"352","TCGA-CG-4437-01A-01D-1800-08",472,9.44,0.974971994298069
"353","TCGA-BR-6458-01A-11D-1800-08",518,10.36,1.01535975540921
"354","TCGA-F1-A448-01A-11D-A24D-08",536,10.72,1.03019478535675
"355","TCGA-BR-4363-01A-01D-1158-08",540,10.8,1.03342375548695
"356","TCGA-VQ-A8PX-01A-12D-A410-08",543,10.86,1.03582982525283
"357","TCGA-B7-A5TI-01A-11D-A31L-08",549,10.98,1.04060234011407
"358","TCGA-SW-A7EA-01A-12D-A34U-08",560,11.2,1.04921802267018
"359","TCGA-RD-A8NB-01A-12D-A397-08",564,11.28,1.05230909964732
"360","TCGA-HU-A4H4-01A-21D-A25D-08",574,11.48,1.05994188806195
"361","TCGA-CG-4465-01A-01D-1158-08",584,11.68,1.06744284277638
"362","TCGA-CD-A4MJ-01A-11D-A25D-08",635,12.7,1.10380372095596
"363","TCGA-BR-8059-01A-11D-2340-08",655,13.1,1.11727129565576
"364","TCGA-BR-7704-01A-11D-2053-08",661,13.22,1.12123145514962
"365","TCGA-VQ-A8E3-01A-11D-A397-08",674,13.48,1.1296898921993
"366","TCGA-HJ-7597-01A-21D-2201-08",692,13.84,1.14113609012074
"367","TCGA-BR-4280-01A-01D-1126-08",695,13.9,1.1430148002541
"368","TCGA-VQ-AA6D-01A-11D-A410-08",698,13.96,1.14488541828714
"369","TCGA-VQ-A91E-01A-31D-A410-08",728,14.56,1.16316137497702
"370","TCGA-VQ-A8PB-01A-11D-A397-08",732,14.64,1.16554107672237
"371","TCGA-VQ-A8PO-01A-11D-A410-08",749,14.98,1.17551181336345
"372","TCGA-R5-A7ZI-01A-11D-A34U-08",760,15.2,1.18184358794477
"373","TCGA-BR-8081-01A-11D-2340-08",791,15.82,1.19920647916166
"374","TCGA-BR-8360-01A-11D-2340-08",800,16,1.20411998265592
"375","TCGA-D7-A4YV-01A-11D-A25D-08",815,16.3,1.21218760440396
"376","TCGA-BR-8382-01A-11D-2394-08",820,16.4,1.2148438480477
"377","TCGA-BR-6802-01A-11D-1882-08",824,16.48,1.2169572073611
"378","TCGA-HU-A4H3-01A-21D-A25D-08",824,16.48,1.2169572073611
"379","TCGA-CD-8536-01A-11D-2340-08",833,16.66,1.22167499707077
"380","TCGA-F1-6874-01A-11D-1882-08",847,16.94,1.22891340599469
"381","TCGA-BR-8368-01A-11D-2340-08",881,17.62,1.24600590407603
"382","TCGA-CD-A4MI-01A-21D-A25D-08",909,18.18,1.25959387888595
"383","TCGA-BR-4256-01A-01D-1126-08",946,18.92,1.27692113206577
"384","TCGA-BR-4370-01A-01D-1158-08",968,19.36,1.28690535297237
"385","TCGA-BR-4257-01A-01D-1126-08",972,19.44,1.28869626059026
"386","TCGA-BR-8589-01A-11D-2394-08",999,19.98,1.30059548388996
"387","TCGA-CG-5733-01A-11D-1600-08",1032,20.64,1.31470969295517
"388","TCGA-CG-4306-01A-01D-1158-08",1037,20.74,1.31680875205302
"389","TCGA-HU-A4H8-01A-11D-A25D-08",1057,21.14,1.32510498297141
"390","TCGA-CG-4305-01A-01D-1158-08",1081,21.62,1.33485568961729
"391","TCGA-BR-8363-01A-11D-2340-08",1120,22.4,1.35024801833416
"392","TCGA-HF-7132-01A-11D-2053-08",1134,22.68,1.35564305022087
"393","TCGA-BR-4368-01A-01D-1158-08",1148,22.96,1.36097188372594
"394","TCGA-BR-8372-01A-11D-2340-08",1154,23.08,1.36323580448369
"395","TCGA-F1-6177-01A-11D-1800-08",1186,23.72,1.37511468469223
"396","TCGA-CG-5726-01A-11D-1600-08",1188,23.76,1.37584643630916
"397","TCGA-B7-5816-01A-21D-1600-08",1195,23.9,1.37839790094814
"398","TCGA-VQ-A91K-01A-11D-A410-08",1199,23.98,1.37984917876283
"399","TCGA-VQ-A924-01A-11D-A410-08",1206,24.12,1.38237730346811
"400","TCGA-VQ-A8PT-01A-11D-A410-08",1244,24.88,1.39585037601878
"401","TCGA-HU-A4GT-01A-21D-A25D-08",1252,25.04,1.39863432453839
"402","TCGA-BR-7707-01A-11D-2053-08",1256,25.12,1.40001963506516
"403","TCGA-CG-5728-01A-11D-1600-08",1277,25.54,1.4072208929274
"404","TCGA-D7-A6EY-01A-21D-A31L-08",1279,25.58,1.40790054014263
"405","TCGA-MX-A5UJ-01A-11D-A31L-08",1280,25.6,1.40823996531185
"406","TCGA-BR-7703-01A-11D-2053-08",1289,25.78,1.41128291301738
"407","TCGA-BR-4292-01A-01D-1126-08",1298,25.96,1.41430468812833
"408","TCGA-HF-A5NB-01A-11D-A31L-08",1299,25.98,1.41463914673701
"409","TCGA-HU-A4GU-01A-11D-A25D-08",1301,26.02,1.41530729222557
"410","TCGA-VQ-A8PP-01A-21D-A410-08",1318,26.36,1.42094540592197
"411","TCGA-FP-A4BE-01A-12D-A24D-08",1330,26.6,1.42488163663107
"412","TCGA-BR-4201-01A-01D-1126-08",1343,26.86,1.4291060083327
"413","TCGA-CG-4442-01A-01D-1158-08",1348,26.96,1.43071988786328
"414","TCGA-BR-8591-01A-11D-2394-08",1349,26.98,1.43104194533589
"415","TCGA-HU-A4G8-01A-11D-A25D-08",1354,27.08,1.43264866001311
"416","TCGA-BR-8361-01A-11D-2340-08",1415,28.3,1.45178643552429
"417","TCGA-HU-A4GH-01A-11D-A24D-08",1430,28.6,1.45636603312904
"418","TCGA-BR-8078-01A-11D-2340-08",1432,28.64,1.45697301363582
"419","TCGA-HU-A4G9-01A-11D-A24D-08",1440,28.8,1.45939248775923
"420","TCGA-BR-4362-01A-01D-1158-08",1458,29.16,1.46478751964594
"421","TCGA-CG-5723-01A-11D-1600-08",1601,32.02,1.50542132758328
"422","TCGA-BR-6566-01A-11D-1800-08",1645,32.9,1.51719589794997
"423","TCGA-HU-A4GQ-01A-11D-A25D-08",1666,33.32,1.52270499273475
"424","TCGA-BR-A4QL-01A-31D-A25D-08",1698,33.96,1.53096768157192
"425","TCGA-CG-4460-01A-01D-1158-08",1743,34.86,1.54232738277397
"426","TCGA-BR-6852-01A-11D-1882-08",1900,38,1.57978359661681
"427","TCGA-HU-A4GN-01A-11D-A25D-08",2118,42.36,1.62695595143545
"428","TCGA-VQ-A91D-01A-11D-A410-08",2136,42.72,1.6306312440205
"429","TCGA-CD-A4MG-01A-11D-A25D-08",2169,43.38,1.63728954767817
"430","TCGA-HU-A4GX-01A-12D-A25D-08",2249,44.98,1.65301945109961
"431","TCGA-BR-4361-01A-01D-1158-08",2259,45.18,1.65494622658434
"432","TCGA-BR-7851-01A-11D-2201-08",2523,50.46,1.70294724618156
"433","TCGA-BR-8487-01A-11D-2394-08",2644,52.88,1.72329144647758
"434","TCGA-HU-8602-01A-11D-2394-08",2941,58.82,1.76952502017105
"435","TCGA-BR-4184-01A-01D-1126-08",3104,62.08,1.79295170825013
"436","TCGA-CG-5721-01A-11D-1600-08",3685,73.7,1.86746748785905
"437","TCGA-BR-8680-01A-11D-2394-08",5396,107.92,2.03310193666385
"438","TCGA-VQ-A8P2-01A-11D-A364-08",6304,126.08,2.10064620014548
"439","TCGA-BR-6452-01A-12D-1800-08",9779,195.58,2.29132444179242
